<?xml version="1.0" encoding="utf-8"?>
<helpItems schema="maml" xmlns="http://msh">
  <command:command xmlns:maml="http://schemas.microsoft.com/maml/2004/10" xmlns:command="http://schemas.microsoft.com/maml/dev/command/2004/10" xmlns:dev="http://schemas.microsoft.com/maml/dev/2004/10" xmlns:MSHelp="http://msdn.microsoft.com/mshelp">
    <command:details>
      <command:name>Get-AzTag</command:name>
      <command:verb>Get</command:verb>
      <command:noun>AzTag</command:noun>
      <maml:description>
        <maml:para>Gets predefined Azure tags | Gets the entire set of tags on a resource or subscription.</maml:para>
      </maml:description>
    </command:details>
    <maml:description>
      <maml:para>GetPredefinedTagSet : The Get-AzTag cmdlet gets predefined Azure tags in your subscription. This cmdlet returns basic information about the tags or detailed information about tags and their values. All output objects include a Count property that represents the number of resources and resource groups to which the tags and values have been applied. The Azure Tags module that Get-AzTag is a part of can help you manage predefined Azure tags. An Azure tag is a name-value pair that you can use to categorize your Azure resources and resource groups, such as by department or cost center, or to track notes or comments about the resources and groups. You can define and apply tags in a single step, but predefined tags let you establish standard, consistent, predictable names and values for the tags in your subscription. To create a predefined tag, use the New-AzTag cmdlet. To apply a predefined tag to a resource group, use the Tag parameter of the New-AzTag cmdlet. To search resource groups for a specific tag name or name and value, use the Tag parameter of the Get-AzResourceGroup cmdlet. GetByResourceIdParameterSet : The Get-AzTag cmdlet with a ResourceId gets the entire set of tags on a resource or subscription.</maml:para>
    </maml:description>
    <command:syntax>
      <command:syntaxItem>
        <maml:name>Get-AzTag</maml:name>
        <command:parameter required="false" variableLength="true" globbing="false" pipelineInput="True (ByPropertyName)" position="0" aliases="none">
          <maml:name>Name</maml:name>
          <maml:description>
            <maml:para>Name of the predefined tag. By default, Get-AzTag gets basic information about all predefined tags in the subscription. When you specify the Name parameter, the Detailed parameter has no effect.</maml:para>
          </maml:description>
          <command:parameterValue required="true" variableLength="false">System.String</command:parameterValue>
          <dev:type>
            <maml:name>System.String</maml:name>
            <maml:uri />
          </dev:type>
          <dev:defaultValue>None</dev:defaultValue>
        </command:parameter>
        <command:parameter required="false" variableLength="true" globbing="false" pipelineInput="False" position="named" aliases="AzContext, AzureRmContext, AzureCredential">
          <maml:name>DefaultProfile</maml:name>
          <maml:description>
            <maml:para>The credentials, account, tenant, and subscription used for communication with azure.</maml:para>
          </maml:description>
          <command:parameterValue required="true" variableLength="false">Microsoft.Azure.Commands.Common.Authentication.Abstractions.Core.IAzureContextContainer</command:parameterValue>
          <dev:type>
            <maml:name>Microsoft.Azure.Commands.Common.Authentication.Abstractions.Core.IAzureContextContainer</maml:name>
            <maml:uri />
          </dev:type>
          <dev:defaultValue>None</dev:defaultValue>
        </command:parameter>
        <command:parameter required="false" variableLength="true" globbing="false" pipelineInput="True (ByPropertyName)" position="named" aliases="none">
          <maml:name>Detailed</maml:name>
          <maml:description>
            <maml:para>Indicates that this operation adds information about tag values to the output.</maml:para>
          </maml:description>
          <dev:type>
            <maml:name>System.Management.Automation.SwitchParameter</maml:name>
            <maml:uri />
          </dev:type>
          <dev:defaultValue>False</dev:defaultValue>
        </command:parameter>
      </command:syntaxItem>
      <command:syntaxItem>
        <maml:name>Get-AzTag</maml:name>
        <command:parameter required="false" variableLength="true" globbing="false" pipelineInput="False" position="named" aliases="AzContext, AzureRmContext, AzureCredential">
          <maml:name>DefaultProfile</maml:name>
          <maml:description>
            <maml:para>The credentials, account, tenant, and subscription used for communication with azure.</maml:para>
          </maml:description>
          <command:parameterValue required="true" variableLength="false">Microsoft.Azure.Commands.Common.Authentication.Abstractions.Core.IAzureContextContainer</command:parameterValue>
          <dev:type>
            <maml:name>Microsoft.Azure.Commands.Common.Authentication.Abstractions.Core.IAzureContextContainer</maml:name>
            <maml:uri />
          </dev:type>
          <dev:defaultValue>None</dev:defaultValue>
        </command:parameter>
        <command:parameter required="true" variableLength="true" globbing="false" pipelineInput="True (ByPropertyName)" position="named" aliases="none">
          <maml:name>ResourceId</maml:name>
          <maml:description>
            <maml:para>The resource identifier for the tagged entity. A resource, a resource group or a subscription may be tagged.</maml:para>
          </maml:description>
          <command:parameterValue required="true" variableLength="false">System.String</command:parameterValue>
          <dev:type>
            <maml:name>System.String</maml:name>
            <maml:uri />
          </dev:type>
          <dev:defaultValue>None</dev:defaultValue>
        </command:parameter>
      </command:syntaxItem>
    </command:syntax>
    <command:parameters>
      <command:parameter required="false" variableLength="true" globbing="false" pipelineInput="False" position="named" aliases="AzContext, AzureRmContext, AzureCredential">
        <maml:name>DefaultProfile</maml:name>
        <maml:description>
          <maml:para>The credentials, account, tenant, and subscription used for communication with azure.</maml:para>
        </maml:description>
        <command:parameterValue required="true" variableLength="false">Microsoft.Azure.Commands.Common.Authentication.Abstractions.Core.IAzureContextContainer</command:parameterValue>
        <dev:type>
          <maml:name>Microsoft.Azure.Commands.Common.Authentication.Abstractions.Core.IAzureContextContainer</maml:name>
          <maml:uri />
        </dev:type>
        <dev:defaultValue>None</dev:defaultValue>
      </command:parameter>
      <command:parameter required="false" variableLength="true" globbing="false" pipelineInput="True (ByPropertyName)" position="named" aliases="none">
        <maml:name>Detailed</maml:name>
        <maml:description>
          <maml:para>Indicates that this operation adds information about tag values to the output.</maml:para>
        </maml:description>
        <command:parameterValue required="true" variableLength="false">System.Management.Automation.SwitchParameter</command:parameterValue>
        <dev:type>
          <maml:name>System.Management.Automation.SwitchParameter</maml:name>
          <maml:uri />
        </dev:type>
        <dev:defaultValue>False</dev:defaultValue>
      </command:parameter>
      <command:parameter required="false" variableLength="true" globbing="false" pipelineInput="True (ByPropertyName)" position="0" aliases="none">
        <maml:name>Name</maml:name>
        <maml:description>
          <maml:para>Name of the predefined tag. By default, Get-AzTag gets basic information about all predefined tags in the subscription. When you specify the Name parameter, the Detailed parameter has no effect.</maml:para>
        </maml:description>
        <command:parameterValue required="true" variableLength="false">System.String</command:parameterValue>
        <dev:type>
          <maml:name>System.String</maml:name>
          <maml:uri />
        </dev:type>
        <dev:defaultValue>None</dev:defaultValue>
      </command:parameter>
      <command:parameter required="true" variableLength="true" globbing="false" pipelineInput="True (ByPropertyName)" position="named" aliases="none">
        <maml:name>ResourceId</maml:name>
        <maml:description>
          <maml:para>The resource identifier for the tagged entity. A resource, a resource group or a subscription may be tagged.</maml:para>
        </maml:description>
        <command:parameterValue required="true" variableLength="false">System.String</command:parameterValue>
        <dev:type>
          <maml:name>System.String</maml:name>
          <maml:uri />
        </dev:type>
        <dev:defaultValue>None</dev:defaultValue>
      </command:parameter>
    </command:parameters>
    <command:inputTypes>
      <command:inputType>
        <dev:type>
          <maml:name>System.String</maml:name>
        </dev:type>
        <maml:description>
          <maml:para></maml:para>
        </maml:description>
      </command:inputType>
      <command:inputType>
        <dev:type>
          <maml:name>System.Management.Automation.SwitchParameter</maml:name>
        </dev:type>
        <maml:description>
          <maml:para></maml:para>
        </maml:description>
      </command:inputType>
    </command:inputTypes>
    <command:returnValues>
      <command:returnValue>
        <dev:type>
          <maml:name>Microsoft.Azure.Commands.ResourceManager.Common.Tags.PSTag | Microsoft.Azure.Commands.Tags.Model.PSTagResource</maml:name>
        </dev:type>
        <maml:description>
          <maml:para></maml:para>
        </maml:description>
      </command:returnValue>
    </command:returnValues>
    <maml:alertSet>
      <maml:alert>
        <maml:para></maml:para>
      </maml:alert>
    </maml:alertSet>
    <command:examples>
      <command:example>
        <maml:title>-------------- Example 1: Get all predefined tags --------------</maml:title>
        <dev:code>Get-AzTag

Name      Count
========  =====

Department    5
FY2015        2
CostCenter   20</dev:code>
        <dev:remarks>
          <maml:para>This command gets all predefined tags in the subscription. The Count property shows how many times the tag has been applied to resources and resource groups in the subscription.</maml:para>
<maml:para></maml:para>
<maml:para></maml:para>
        </dev:remarks>
      </command:example>
      <command:example>
        <maml:title>----------------- Example 2: Get a tag by name -----------------</maml:title>
        <dev:code>Get-AzTag -Name "Department"

Name:   Department
Count:  5
Values: 

        Name        Count
        ==========  =====

        Finance       2
        IT            3</dev:code>
        <dev:remarks>
          <maml:para>This command gets detailed information about the Department tag and its values. The Count property shows how many times the tag and each of its values has been applied to resources and resource groups in the subscription.</maml:para>
<maml:para></maml:para>
<maml:para></maml:para>
        </dev:remarks>
      </command:example>
      <command:example>
        <maml:title>-------------- Example 3: Get values of all tags --------------</maml:title>
        <dev:code>Get-AzTag -Detailed

Name:   Department
Count:  5
Values: 

        Name        Count
        ==========  =====

        Finance       2
        IT            3


Name:   FY2015
Count:  2


Name:   CostCenter
Count:  20
Values: 

        Name        Count
        ==========  =====

        0001          5
        0002         10
        0003          5</dev:code>
        <dev:remarks>
          <maml:para>This command uses the Detailed parameter to get detailed information about all predefined tags in the subscription. Using the Detailed parameter is the equivalent of using the Name parameter for every tag.</maml:para>
<maml:para></maml:para>
<maml:para></maml:para>
        </dev:remarks>
      </command:example>
      <command:example>
        <maml:title>--- Example 4: Get the entire set of tags on a subscription ---</maml:title>
        <dev:code>Get-AzTag -ResourceId /subscriptions/xxxxxxxx-xxxx-xxxx-xxxx-xxxxxxxxxxxx

Id         : {Id}
Name       : {Name}
Type       : {Type}
Properties :
             Name     Value
             =======  =========
             tagKey1  tagValue1
             tagKey2  tagValue2</dev:code>
        <dev:remarks>
          <maml:para>This command gets the entire set of tags on the subscription with {subId}.</maml:para>
<maml:para></maml:para>
<maml:para></maml:para>
        </dev:remarks>
      </command:example>
      <command:example>
        <maml:title>----- Example 5: Get the entire set of tags on a resource -----</maml:title>
        <dev:code>Get-AzTag -ResourceId /subscriptions/xxxxxxxx-xxxx-xxxx-xxxx-xxxxxxxxxxxx/resourcegroups/testrg/providers/Microsoft.Sql/servers/Server1

Id         : {Id}
Name       : {Name}
Type       : {Type}
Properties :
             Name     Value
             =======  =========
             Dept     Finance
             Status   Normal</dev:code>
        <dev:remarks>
          <maml:para>This command gets the entire set of tags on the resource with {resourceId}.</maml:para>
<maml:para></maml:para>
<maml:para></maml:para>
        </dev:remarks>
      </command:example>
    </command:examples>
    <command:relatedLinks>
      <maml:navigationLink>
        <maml:linkText>Online Version:</maml:linkText>
        <maml:uri>https://learn.microsoft.com/powershell/module/az.resources/get-aztag</maml:uri>
      </maml:navigationLink>
      <maml:navigationLink>
        <maml:linkText>New-AzTag</maml:linkText>
        <maml:uri></maml:uri>
      </maml:navigationLink>
      <maml:navigationLink>
        <maml:linkText>Remove-AzTag</maml:linkText>
        <maml:uri></maml:uri>
      </maml:navigationLink>
      <maml:navigationLink>
        <maml:linkText>Update-AzTag</maml:linkText>
        <maml:uri></maml:uri>
      </maml:navigationLink>
    </command:relatedLinks>
  </command:command>
  <command:command xmlns:maml="http://schemas.microsoft.com/maml/2004/10" xmlns:command="http://schemas.microsoft.com/maml/dev/command/2004/10" xmlns:dev="http://schemas.microsoft.com/maml/dev/2004/10" xmlns:MSHelp="http://msdn.microsoft.com/mshelp">
    <command:details>
      <command:name>New-AzTag</command:name>
      <command:verb>New</command:verb>
      <command:noun>AzTag</command:noun>
      <maml:description>
        <maml:para>Creates a predefined Azure tag or adds values to an existing tag | Creates or updates the entire set of tags on a resource or subscription.</maml:para>
      </maml:description>
    </command:details>
    <maml:description>
      <maml:para>CreatePredefinedTagSet : The New-AzTag cmdlet creates a predefined Azure tag with an optional predefined value. You can also use it to add additional values to existing predefined tags. To create a predefined tag, enter a unique tag name. To add a value to an existing predefined tag, specify the name of the existing tag and the new value. This cmdlet returns an object that represents the new or modified tag with its values and the number of resources to which it has been applied. The Azure Tags module that New-AzTag is part of can help you manage predefined Azure tags. An Azure tag is a name-value pair that you can use to categorize your Azure resources and resource groups, such as by department or cost center, or to track notes or comments about the resources and groups. You can define and apply tags in a single step, but predefined tags let you establish standard, consistent, predictable names and values for the tags in your subscription. To apply a predefined tag to a resource or resource group, use the Tag parameter of the New-AzTag cmdlet. To search for resource groups with a specified tag name or name and value, use the Tag parameter of the Get-AzResourceGroup cmdlet. Every tag has a name. The values are optional. A predefined Azure tag can have multiple values, but when you apply the tag to a resource or resource group, you apply the tag name and only one of its values. For example, you can create a predefined Department tag with a value for each department, such as Finance, Human Resources, and IT. When you apply the Department tag to a resource, you apply only one predefined value, such as Finance. CreateByResourceIdParameterSet : The New-AzTag cmdlet with a ResourceId creates or updates the entire set of tags on a resource or subscription. This operation allows adding or replacing the entire set of tags on the specified resource or subscription. The specified entity can have a maximum of 50 tags.</maml:para>
    </maml:description>
    <command:syntax>
      <command:syntaxItem>
        <maml:name>New-AzTag</maml:name>
        <command:parameter required="true" variableLength="true" globbing="false" pipelineInput="True (ByPropertyName)" position="0" aliases="none">
          <maml:name>Name</maml:name>
          <maml:description>
            <maml:para>Specifies the predefined tag name. To create a new predefined tag, enter a unique name. To add a value to an existing tag, enter the name of the existing tag. If an existing predefined tag has the specified name, New-AzTag adds the specified value, if any, to the tag with that name instead of creating a new tag.</maml:para>
          </maml:description>
          <command:parameterValue required="true" variableLength="false">System.String</command:parameterValue>
          <dev:type>
            <maml:name>System.String</maml:name>
            <maml:uri />
          </dev:type>
          <dev:defaultValue>None</dev:defaultValue>
        </command:parameter>
        <command:parameter required="false" variableLength="true" globbing="false" pipelineInput="True (ByPropertyName)" position="1" aliases="none">
          <maml:name>Value</maml:name>
          <maml:description>
            <maml:para>Specifies a predefined tag value. Predefined tags can have multiple values, but you can enter only one value in each command. This parameter is optional, because tags can have names without values.</maml:para>
          </maml:description>
          <command:parameterValue required="true" variableLength="false">System.String</command:parameterValue>
          <dev:type>
            <maml:name>System.String</maml:name>
            <maml:uri />
          </dev:type>
          <dev:defaultValue>None</dev:defaultValue>
        </command:parameter>
        <command:parameter required="false" variableLength="true" globbing="false" pipelineInput="False" position="named" aliases="AzContext, AzureRmContext, AzureCredential">
          <maml:name>DefaultProfile</maml:name>
          <maml:description>
            <maml:para>The credentials, account, tenant, and subscription used for communication with azure.</maml:para>
          </maml:description>
          <command:parameterValue required="true" variableLength="false">Microsoft.Azure.Commands.Common.Authentication.Abstractions.Core.IAzureContextContainer</command:parameterValue>
          <dev:type>
            <maml:name>Microsoft.Azure.Commands.Common.Authentication.Abstractions.Core.IAzureContextContainer</maml:name>
            <maml:uri />
          </dev:type>
          <dev:defaultValue>None</dev:defaultValue>
        </command:parameter>
        <command:parameter required="false" variableLength="true" globbing="false" pipelineInput="False" position="named" aliases="cf">
          <maml:name>Confirm</maml:name>
          <maml:description>
            <maml:para>Prompts you for confirmation before running the cmdlet.</maml:para>
          </maml:description>
          <dev:type>
            <maml:name>System.Management.Automation.SwitchParameter</maml:name>
            <maml:uri />
          </dev:type>
          <dev:defaultValue>False</dev:defaultValue>
        </command:parameter>
        <command:parameter required="false" variableLength="true" globbing="false" pipelineInput="False" position="named" aliases="wi">
          <maml:name>WhatIf</maml:name>
          <maml:description>
            <maml:para>Shows what would happen if the cmdlet runs. The cmdlet is not run.</maml:para>
          </maml:description>
          <dev:type>
            <maml:name>System.Management.Automation.SwitchParameter</maml:name>
            <maml:uri />
          </dev:type>
          <dev:defaultValue>False</dev:defaultValue>
        </command:parameter>
      </command:syntaxItem>
      <command:syntaxItem>
        <maml:name>New-AzTag</maml:name>
        <command:parameter required="true" variableLength="true" globbing="false" pipelineInput="True (ByPropertyName)" position="0" aliases="none">
          <maml:name>ResourceId</maml:name>
          <maml:description>
            <maml:para>The resource identifier for the entity being tagged. A resource, a resource group or a subscription may be tagged.</maml:para>
          </maml:description>
          <command:parameterValue required="true" variableLength="false">System.String</command:parameterValue>
          <dev:type>
            <maml:name>System.String</maml:name>
            <maml:uri />
          </dev:type>
          <dev:defaultValue>None</dev:defaultValue>
        </command:parameter>
        <command:parameter required="true" variableLength="true" globbing="false" pipelineInput="True (ByPropertyName)" position="1" aliases="none">
          <maml:name>Tag</maml:name>
          <maml:description>
            <maml:para>The tags to put on the resource.</maml:para>
          </maml:description>
          <command:parameterValue required="true" variableLength="false">System.Collections.Hashtable</command:parameterValue>
          <dev:type>
            <maml:name>System.Collections.Hashtable</maml:name>
            <maml:uri />
          </dev:type>
          <dev:defaultValue>None</dev:defaultValue>
        </command:parameter>
        <command:parameter required="false" variableLength="true" globbing="false" pipelineInput="False" position="named" aliases="AzContext, AzureRmContext, AzureCredential">
          <maml:name>DefaultProfile</maml:name>
          <maml:description>
            <maml:para>The credentials, account, tenant, and subscription used for communication with azure.</maml:para>
          </maml:description>
          <command:parameterValue required="true" variableLength="false">Microsoft.Azure.Commands.Common.Authentication.Abstractions.Core.IAzureContextContainer</command:parameterValue>
          <dev:type>
            <maml:name>Microsoft.Azure.Commands.Common.Authentication.Abstractions.Core.IAzureContextContainer</maml:name>
            <maml:uri />
          </dev:type>
          <dev:defaultValue>None</dev:defaultValue>
        </command:parameter>
        <command:parameter required="false" variableLength="true" globbing="false" pipelineInput="False" position="named" aliases="cf">
          <maml:name>Confirm</maml:name>
          <maml:description>
            <maml:para>Prompts you for confirmation before running the cmdlet.</maml:para>
          </maml:description>
          <dev:type>
            <maml:name>System.Management.Automation.SwitchParameter</maml:name>
            <maml:uri />
          </dev:type>
          <dev:defaultValue>False</dev:defaultValue>
        </command:parameter>
        <command:parameter required="false" variableLength="true" globbing="false" pipelineInput="False" position="named" aliases="wi">
          <maml:name>WhatIf</maml:name>
          <maml:description>
            <maml:para>Shows what would happen if the cmdlet runs. The cmdlet is not run.</maml:para>
          </maml:description>
          <dev:type>
            <maml:name>System.Management.Automation.SwitchParameter</maml:name>
            <maml:uri />
          </dev:type>
          <dev:defaultValue>False</dev:defaultValue>
        </command:parameter>
      </command:syntaxItem>
    </command:syntax>
    <command:parameters>
      <command:parameter required="false" variableLength="true" globbing="false" pipelineInput="False" position="named" aliases="AzContext, AzureRmContext, AzureCredential">
        <maml:name>DefaultProfile</maml:name>
        <maml:description>
          <maml:para>The credentials, account, tenant, and subscription used for communication with azure.</maml:para>
        </maml:description>
        <command:parameterValue required="true" variableLength="false">Microsoft.Azure.Commands.Common.Authentication.Abstractions.Core.IAzureContextContainer</command:parameterValue>
        <dev:type>
          <maml:name>Microsoft.Azure.Commands.Common.Authentication.Abstractions.Core.IAzureContextContainer</maml:name>
          <maml:uri />
        </dev:type>
        <dev:defaultValue>None</dev:defaultValue>
      </command:parameter>
      <command:parameter required="true" variableLength="true" globbing="false" pipelineInput="True (ByPropertyName)" position="0" aliases="none">
        <maml:name>Name</maml:name>
        <maml:description>
          <maml:para>Specifies the predefined tag name. To create a new predefined tag, enter a unique name. To add a value to an existing tag, enter the name of the existing tag. If an existing predefined tag has the specified name, New-AzTag adds the specified value, if any, to the tag with that name instead of creating a new tag.</maml:para>
        </maml:description>
        <command:parameterValue required="true" variableLength="false">System.String</command:parameterValue>
        <dev:type>
          <maml:name>System.String</maml:name>
          <maml:uri />
        </dev:type>
        <dev:defaultValue>None</dev:defaultValue>
      </command:parameter>
      <command:parameter required="true" variableLength="true" globbing="false" pipelineInput="True (ByPropertyName)" position="0" aliases="none">
        <maml:name>ResourceId</maml:name>
        <maml:description>
          <maml:para>The resource identifier for the entity being tagged. A resource, a resource group or a subscription may be tagged.</maml:para>
        </maml:description>
        <command:parameterValue required="true" variableLength="false">System.String</command:parameterValue>
        <dev:type>
          <maml:name>System.String</maml:name>
          <maml:uri />
        </dev:type>
        <dev:defaultValue>None</dev:defaultValue>
      </command:parameter>
      <command:parameter required="true" variableLength="true" globbing="false" pipelineInput="True (ByPropertyName)" position="1" aliases="none">
        <maml:name>Tag</maml:name>
        <maml:description>
          <maml:para>The tags to put on the resource.</maml:para>
        </maml:description>
        <command:parameterValue required="true" variableLength="false">System.Collections.Hashtable</command:parameterValue>
        <dev:type>
          <maml:name>System.Collections.Hashtable</maml:name>
          <maml:uri />
        </dev:type>
        <dev:defaultValue>None</dev:defaultValue>
      </command:parameter>
      <command:parameter required="false" variableLength="true" globbing="false" pipelineInput="True (ByPropertyName)" position="1" aliases="none">
        <maml:name>Value</maml:name>
        <maml:description>
          <maml:para>Specifies a predefined tag value. Predefined tags can have multiple values, but you can enter only one value in each command. This parameter is optional, because tags can have names without values.</maml:para>
        </maml:description>
        <command:parameterValue required="true" variableLength="false">System.String</command:parameterValue>
        <dev:type>
          <maml:name>System.String</maml:name>
          <maml:uri />
        </dev:type>
        <dev:defaultValue>None</dev:defaultValue>
      </command:parameter>
      <command:parameter required="false" variableLength="true" globbing="false" pipelineInput="False" position="named" aliases="cf">
        <maml:name>Confirm</maml:name>
        <maml:description>
          <maml:para>Prompts you for confirmation before running the cmdlet.</maml:para>
        </maml:description>
        <command:parameterValue required="true" variableLength="false">System.Management.Automation.SwitchParameter</command:parameterValue>
        <dev:type>
          <maml:name>System.Management.Automation.SwitchParameter</maml:name>
          <maml:uri />
        </dev:type>
        <dev:defaultValue>False</dev:defaultValue>
      </command:parameter>
      <command:parameter required="false" variableLength="true" globbing="false" pipelineInput="False" position="named" aliases="wi">
        <maml:name>WhatIf</maml:name>
        <maml:description>
          <maml:para>Shows what would happen if the cmdlet runs. The cmdlet is not run.</maml:para>
        </maml:description>
        <command:parameterValue required="true" variableLength="false">System.Management.Automation.SwitchParameter</command:parameterValue>
        <dev:type>
          <maml:name>System.Management.Automation.SwitchParameter</maml:name>
          <maml:uri />
        </dev:type>
        <dev:defaultValue>False</dev:defaultValue>
      </command:parameter>
    </command:parameters>
    <command:inputTypes>
      <command:inputType>
        <dev:type>
          <maml:name>System.String</maml:name>
        </dev:type>
        <maml:description>
          <maml:para></maml:para>
        </maml:description>
      </command:inputType>
      <command:inputType>
        <dev:type>
          <maml:name>System.Collections.Hashtable</maml:name>
        </dev:type>
        <maml:description>
          <maml:para></maml:para>
        </maml:description>
      </command:inputType>
    </command:inputTypes>
    <command:returnValues>
      <command:returnValue>
        <dev:type>
          <maml:name>Microsoft.Azure.Commands.ResourceManager.Common.Tags.PSTag | Microsoft.Azure.Commands.Tags.Model.PSTagResource</maml:name>
        </dev:type>
        <maml:description>
          <maml:para></maml:para>
        </maml:description>
      </command:returnValue>
    </command:returnValues>
    <maml:alertSet>
      <maml:alert>
        <maml:para></maml:para>
      </maml:alert>
    </maml:alertSet>
    <command:examples>
      <command:example>
        <maml:title>-------------- Example 1: Create a predefined tag --------------</maml:title>
        <dev:code>New-AzTag -Name "FY2015"

Name   ValuesTable Count Values 
----   ----------- ----- ------
FY2015             0     {}</dev:code>
        <dev:remarks>
          <maml:para>This command creates a predefined tag named FY2015. This tag has no values. You can apply a tag with no values to a resource or resource group, or use New-AzTag to add values to the tag. You can also specify a value when you apply the tag to the resource or resource group.</maml:para>
<maml:para></maml:para>
<maml:para></maml:para>
        </dev:remarks>
      </command:example>
      <command:example>
        <maml:title>------- Example 2: Create a predefined tag with a value -------</maml:title>
        <dev:code>New-AzTag -Name "Department" -Value "Finance"

Name:   Department
Count:  0
Values: 

        Name        Count
        =========   =====
        Finance     0</dev:code>
        <dev:remarks>
          <maml:para>This command creates a predefined tag named Department with a value of Finance.</maml:para>
<maml:para></maml:para>
<maml:para></maml:para>
        </dev:remarks>
      </command:example>
      <command:example>
        <maml:title>---------- Example 3: Add a value to a predefined tag ----------</maml:title>
        <dev:code>New-AzTag -Name "Department" -Value "Finance"

Name:   Department
Count:  0
Values: 
        Name        Count
        =========   =====
        Finance     0 
New-AzTag -Name "Department" -Value "IT"
Name:   Department
Count:  0
Values: 
        Name        Count
        =========   =====
        Finance     0
        IT          0</dev:code>
        <dev:remarks>
          <maml:para>These commands create a predefined tag named Department with two values. If the tag name exists, New-AzTag adds the value to the existing tag instead of creating a new one.</maml:para>
<maml:para></maml:para>
<maml:para></maml:para>
        </dev:remarks>
      </command:example>
      <command:example>
        <maml:title>--------------- Example 4: Use a predefined tag ---------------</maml:title>
        <dev:code>New-AzTag -Name "CostCenter" -Value "0001"

Name:   CostCenter
Count:  0
Values: 
        Name        Count
        =========   =====
        0001        0 

Set-AzResourceGroup -Name "EngineerBlog" -Tag @{Name="CostCenter";Value="0001"}

Name:      EngineerBlog
Location:  East US
Resources: 
            
  Name             Type                     Location
    ===============  =======================  ========
    EngineerBlog     Microsoft.Web/sites      West US
    EngSvr01         Microsoft.Sql/servers    West US
    EngDB02          Microsoft.Sql/databases  West US
Tags: 
    Name         Value
    ==========   =====
    CostCenter   0001 

Get-AzTag -Name "CostCenter"

Name:   CostCenter
Count:  1
Values: 
        Name        Count
        =========   =====
        0001        1 

Get-AzResourceGroup -Tag @{Name="CostCenter"}

Name:      EngineerBlog
Location:  East US
Resources: 
     Name             Type                     Location
    ===============  =======================  ========
    EngineerBlog     Microsoft.Web/sites      West US

    EngSvr01         Microsoft.Sql/servers    West US
    EngDB02          Microsoft.Sql/databases  West US
Tags: 
    Name         Value
    ==========   =====
    CostCenter   0001</dev:code>
        <dev:remarks>
          <maml:para>The commands in this example create and use a predefined tag.</maml:para>
<maml:para></maml:para>
<maml:para></maml:para>
        </dev:remarks>
      </command:example>
      <command:example>
        <maml:title>Example 5: Creates or updates the entire set of tags on a subscription</maml:title>
        <dev:code>$Tags = @{"tagKey1"="tagValue1"; "tagKey2"="tagValue2"}
New-AzTag -ResourceId /subscriptions/xxxxxxxx-xxxx-xxxx-xxxx-xxxxxxxxxxxx -Tag $Tags

Id         : {Id}
Name       : {Name}
Type       : {Type}
Properties :
             Name     Value
             =======  =========
             tagKey1  tagValue1
             tagKey2  tagValue2</dev:code>
        <dev:remarks>
          <maml:para>This command creates or updates the entire set of tags on the subscription with {subId}.</maml:para>
<maml:para></maml:para>
<maml:para></maml:para>
        </dev:remarks>
      </command:example>
      <command:example>
        <maml:title>Example 6: Creates or updates the entire set of tags on a resource</maml:title>
        <dev:code>$Tags = @{"Dept"="Finance"; "Status"="Normal"}
New-AzTag -ResourceId /subscriptions/xxxxxxxx-xxxx-xxxx-xxxx-xxxxxxxxxxxx/resourcegroups/testrg/providers/Microsoft.Sql/servers/Server1 -Tag $Tags

Id         : {Id}
Name       : {Name}
Type       : {Type}
Properties :
             Name     Value
             =======  =========
             Dept     Finance
             Status   Normal</dev:code>
        <dev:remarks>
          <maml:para>This command creates or updates the entire set of tags on the resource with {resourceId}.</maml:para>
<maml:para></maml:para>
<maml:para></maml:para>
        </dev:remarks>
      </command:example>
    </command:examples>
    <command:relatedLinks>
      <maml:navigationLink>
        <maml:linkText>Online Version:</maml:linkText>
        <maml:uri>https://learn.microsoft.com/powershell/module/az.resources/new-aztag</maml:uri>
      </maml:navigationLink>
      <maml:navigationLink>
        <maml:linkText>Get-AzTag</maml:linkText>
        <maml:uri></maml:uri>
      </maml:navigationLink>
      <maml:navigationLink>
        <maml:linkText>Remove-AzTag</maml:linkText>
        <maml:uri></maml:uri>
      </maml:navigationLink>
      <maml:navigationLink>
        <maml:linkText>Update-AzTag</maml:linkText>
        <maml:uri></maml:uri>
      </maml:navigationLink>
    </command:relatedLinks>
  </command:command>
  <command:command xmlns:maml="http://schemas.microsoft.com/maml/2004/10" xmlns:command="http://schemas.microsoft.com/maml/dev/command/2004/10" xmlns:dev="http://schemas.microsoft.com/maml/dev/2004/10" xmlns:MSHelp="http://msdn.microsoft.com/mshelp">
    <command:details>
      <command:name>Remove-AzTag</command:name>
      <command:verb>Remove</command:verb>
      <command:noun>AzTag</command:noun>
      <maml:description>
        <maml:para>Deletes predefined Azure tags or values | Deletes the entire set of tags on a resource or subscription.</maml:para>
      </maml:description>
    </command:details>
    <maml:description>
      <maml:para>RemovePredefinedTagSet : The Remove-AzTag cmdlet deletes predefined Azure tags and values from your subscription. To delete particular values from a predefined tag, use the Value parameter. By default, Remove-AzTag deletes the specified tag and all of its values.You cannot delete a tag or value that is currently applied to a resource or resource group. Before using Remove-AzTag , use the Tag parameter of the Set-AzResourceGroup cmdlet to delete the tag or values from the resource or resource group. The Azure Tags module that Remove-AzTag is part of can help you manage your predefined Azure tags. An Azure tag is a name-value pair that you can use to categorize your Azure resources and resource groups, such as by department or cost center, or to track notes or comments about the resources and groups. You can define and apply tags in a single step, but predefined tags let you establish standard, consistent, predictable names and values for the tags in your subscription. RemoveByResourceIdParameterSet : The Remove-AzTag cmdlet with a ResourceId deletes the entire set of tags on a resource or subscription.</maml:para>
    </maml:description>
    <command:syntax>
      <command:syntaxItem>
        <maml:name>Remove-AzTag</maml:name>
        <command:parameter required="true" variableLength="true" globbing="false" pipelineInput="True (ByPropertyName)" position="0" aliases="none">
          <maml:name>Name</maml:name>
          <maml:description>
            <maml:para>Specifies the Name of the predefined tag to remove. By default, Remove-AzTag removes the specified tag and all of its values. To delete selected values, but not delete the tag, use the Value parameter.</maml:para>
          </maml:description>
          <command:parameterValue required="true" variableLength="false">System.String</command:parameterValue>
          <dev:type>
            <maml:name>System.String</maml:name>
            <maml:uri />
          </dev:type>
          <dev:defaultValue>None</dev:defaultValue>
        </command:parameter>
        <command:parameter required="false" variableLength="true" globbing="false" pipelineInput="True (ByPropertyName)" position="1" aliases="none">
          <maml:name>Value</maml:name>
          <maml:description>
            <maml:para>Deletes the specified values from the predefined tag, but does not delete the tag.</maml:para>
          </maml:description>
          <command:parameterValue required="true" variableLength="false">System.String[]</command:parameterValue>
          <dev:type>
            <maml:name>System.String[]</maml:name>
            <maml:uri />
          </dev:type>
          <dev:defaultValue>None</dev:defaultValue>
        </command:parameter>
        <command:parameter required="false" variableLength="true" globbing="false" pipelineInput="False" position="named" aliases="AzContext, AzureRmContext, AzureCredential">
          <maml:name>DefaultProfile</maml:name>
          <maml:description>
            <maml:para>The credentials, account, tenant, and subscription used for communication with azure.</maml:para>
          </maml:description>
          <command:parameterValue required="true" variableLength="false">Microsoft.Azure.Commands.Common.Authentication.Abstractions.Core.IAzureContextContainer</command:parameterValue>
          <dev:type>
            <maml:name>Microsoft.Azure.Commands.Common.Authentication.Abstractions.Core.IAzureContextContainer</maml:name>
            <maml:uri />
          </dev:type>
          <dev:defaultValue>None</dev:defaultValue>
        </command:parameter>
        <command:parameter required="false" variableLength="true" globbing="false" pipelineInput="True (ByPropertyName)" position="named" aliases="none">
          <maml:name>PassThru</maml:name>
          <maml:description>
            <maml:para>Returns an object that represents the deleted tag or the resulting tag with deleted valued.</maml:para>
          </maml:description>
          <dev:type>
            <maml:name>System.Management.Automation.SwitchParameter</maml:name>
            <maml:uri />
          </dev:type>
          <dev:defaultValue>False</dev:defaultValue>
        </command:parameter>
        <command:parameter required="false" variableLength="true" globbing="false" pipelineInput="False" position="named" aliases="cf">
          <maml:name>Confirm</maml:name>
          <maml:description>
            <maml:para>Prompts you for confirmation before running the cmdlet.</maml:para>
          </maml:description>
          <dev:type>
            <maml:name>System.Management.Automation.SwitchParameter</maml:name>
            <maml:uri />
          </dev:type>
          <dev:defaultValue>False</dev:defaultValue>
        </command:parameter>
        <command:parameter required="false" variableLength="true" globbing="false" pipelineInput="False" position="named" aliases="wi">
          <maml:name>WhatIf</maml:name>
          <maml:description>
            <maml:para>Shows what would happen if the cmdlet runs. The cmdlet is not run.</maml:para>
          </maml:description>
          <dev:type>
            <maml:name>System.Management.Automation.SwitchParameter</maml:name>
            <maml:uri />
          </dev:type>
          <dev:defaultValue>False</dev:defaultValue>
        </command:parameter>
      </command:syntaxItem>
      <command:syntaxItem>
        <maml:name>Remove-AzTag</maml:name>
        <command:parameter required="false" variableLength="true" globbing="false" pipelineInput="False" position="named" aliases="AzContext, AzureRmContext, AzureCredential">
          <maml:name>DefaultProfile</maml:name>
          <maml:description>
            <maml:para>The credentials, account, tenant, and subscription used for communication with azure.</maml:para>
          </maml:description>
          <command:parameterValue required="true" variableLength="false">Microsoft.Azure.Commands.Common.Authentication.Abstractions.Core.IAzureContextContainer</command:parameterValue>
          <dev:type>
            <maml:name>Microsoft.Azure.Commands.Common.Authentication.Abstractions.Core.IAzureContextContainer</maml:name>
            <maml:uri />
          </dev:type>
          <dev:defaultValue>None</dev:defaultValue>
        </command:parameter>
        <command:parameter required="false" variableLength="true" globbing="false" pipelineInput="True (ByPropertyName)" position="named" aliases="none">
          <maml:name>PassThru</maml:name>
          <maml:description>
            <maml:para>Returns an object that represents the deleted tag or the resulting tag with deleted valued.</maml:para>
          </maml:description>
          <dev:type>
            <maml:name>System.Management.Automation.SwitchParameter</maml:name>
            <maml:uri />
          </dev:type>
          <dev:defaultValue>False</dev:defaultValue>
        </command:parameter>
        <command:parameter required="true" variableLength="true" globbing="false" pipelineInput="True (ByPropertyName)" position="named" aliases="none">
          <maml:name>ResourceId</maml:name>
          <maml:description>
            <maml:para>The resource identifier for the tagged entity. A resource, a resource group or a subscription may be tagged.</maml:para>
          </maml:description>
          <command:parameterValue required="true" variableLength="false">System.String</command:parameterValue>
          <dev:type>
            <maml:name>System.String</maml:name>
            <maml:uri />
          </dev:type>
          <dev:defaultValue>None</dev:defaultValue>
        </command:parameter>
        <command:parameter required="false" variableLength="true" globbing="false" pipelineInput="False" position="named" aliases="cf">
          <maml:name>Confirm</maml:name>
          <maml:description>
            <maml:para>Prompts you for confirmation before running the cmdlet.</maml:para>
          </maml:description>
          <dev:type>
            <maml:name>System.Management.Automation.SwitchParameter</maml:name>
            <maml:uri />
          </dev:type>
          <dev:defaultValue>False</dev:defaultValue>
        </command:parameter>
        <command:parameter required="false" variableLength="true" globbing="false" pipelineInput="False" position="named" aliases="wi">
          <maml:name>WhatIf</maml:name>
          <maml:description>
            <maml:para>Shows what would happen if the cmdlet runs. The cmdlet is not run.</maml:para>
          </maml:description>
          <dev:type>
            <maml:name>System.Management.Automation.SwitchParameter</maml:name>
            <maml:uri />
          </dev:type>
          <dev:defaultValue>False</dev:defaultValue>
        </command:parameter>
      </command:syntaxItem>
    </command:syntax>
    <command:parameters>
      <command:parameter required="false" variableLength="true" globbing="false" pipelineInput="False" position="named" aliases="AzContext, AzureRmContext, AzureCredential">
        <maml:name>DefaultProfile</maml:name>
        <maml:description>
          <maml:para>The credentials, account, tenant, and subscription used for communication with azure.</maml:para>
        </maml:description>
        <command:parameterValue required="true" variableLength="false">Microsoft.Azure.Commands.Common.Authentication.Abstractions.Core.IAzureContextContainer</command:parameterValue>
        <dev:type>
          <maml:name>Microsoft.Azure.Commands.Common.Authentication.Abstractions.Core.IAzureContextContainer</maml:name>
          <maml:uri />
        </dev:type>
        <dev:defaultValue>None</dev:defaultValue>
      </command:parameter>
      <command:parameter required="true" variableLength="true" globbing="false" pipelineInput="True (ByPropertyName)" position="0" aliases="none">
        <maml:name>Name</maml:name>
        <maml:description>
          <maml:para>Specifies the Name of the predefined tag to remove. By default, Remove-AzTag removes the specified tag and all of its values. To delete selected values, but not delete the tag, use the Value parameter.</maml:para>
        </maml:description>
        <command:parameterValue required="true" variableLength="false">System.String</command:parameterValue>
        <dev:type>
          <maml:name>System.String</maml:name>
          <maml:uri />
        </dev:type>
        <dev:defaultValue>None</dev:defaultValue>
      </command:parameter>
      <command:parameter required="false" variableLength="true" globbing="false" pipelineInput="True (ByPropertyName)" position="named" aliases="none">
        <maml:name>PassThru</maml:name>
        <maml:description>
          <maml:para>Returns an object that represents the deleted tag or the resulting tag with deleted valued.</maml:para>
        </maml:description>
        <command:parameterValue required="true" variableLength="false">System.Management.Automation.SwitchParameter</command:parameterValue>
        <dev:type>
          <maml:name>System.Management.Automation.SwitchParameter</maml:name>
          <maml:uri />
        </dev:type>
        <dev:defaultValue>False</dev:defaultValue>
      </command:parameter>
      <command:parameter required="true" variableLength="true" globbing="false" pipelineInput="True (ByPropertyName)" position="named" aliases="none">
        <maml:name>ResourceId</maml:name>
        <maml:description>
          <maml:para>The resource identifier for the tagged entity. A resource, a resource group or a subscription may be tagged.</maml:para>
        </maml:description>
        <command:parameterValue required="true" variableLength="false">System.String</command:parameterValue>
        <dev:type>
          <maml:name>System.String</maml:name>
          <maml:uri />
        </dev:type>
        <dev:defaultValue>None</dev:defaultValue>
      </command:parameter>
      <command:parameter required="false" variableLength="true" globbing="false" pipelineInput="True (ByPropertyName)" position="1" aliases="none">
        <maml:name>Value</maml:name>
        <maml:description>
          <maml:para>Deletes the specified values from the predefined tag, but does not delete the tag.</maml:para>
        </maml:description>
        <command:parameterValue required="true" variableLength="false">System.String[]</command:parameterValue>
        <dev:type>
          <maml:name>System.String[]</maml:name>
          <maml:uri />
        </dev:type>
        <dev:defaultValue>None</dev:defaultValue>
      </command:parameter>
      <command:parameter required="false" variableLength="true" globbing="false" pipelineInput="False" position="named" aliases="cf">
        <maml:name>Confirm</maml:name>
        <maml:description>
          <maml:para>Prompts you for confirmation before running the cmdlet.</maml:para>
        </maml:description>
        <command:parameterValue required="true" variableLength="false">System.Management.Automation.SwitchParameter</command:parameterValue>
        <dev:type>
          <maml:name>System.Management.Automation.SwitchParameter</maml:name>
          <maml:uri />
        </dev:type>
        <dev:defaultValue>False</dev:defaultValue>
      </command:parameter>
      <command:parameter required="false" variableLength="true" globbing="false" pipelineInput="False" position="named" aliases="wi">
        <maml:name>WhatIf</maml:name>
        <maml:description>
          <maml:para>Shows what would happen if the cmdlet runs. The cmdlet is not run.</maml:para>
        </maml:description>
        <command:parameterValue required="true" variableLength="false">System.Management.Automation.SwitchParameter</command:parameterValue>
        <dev:type>
          <maml:name>System.Management.Automation.SwitchParameter</maml:name>
          <maml:uri />
        </dev:type>
        <dev:defaultValue>False</dev:defaultValue>
      </command:parameter>
    </command:parameters>
    <command:inputTypes>
      <command:inputType>
        <dev:type>
          <maml:name>System.String</maml:name>
        </dev:type>
        <maml:description>
          <maml:para></maml:para>
        </maml:description>
      </command:inputType>
      <command:inputType>
        <dev:type>
          <maml:name>System.String[]</maml:name>
        </dev:type>
        <maml:description>
          <maml:para></maml:para>
        </maml:description>
      </command:inputType>
      <command:inputType>
        <dev:type>
          <maml:name>System.Management.Automation.SwitchParameter</maml:name>
        </dev:type>
        <maml:description>
          <maml:para></maml:para>
        </maml:description>
      </command:inputType>
    </command:inputTypes>
    <command:returnValues>
      <command:returnValue>
        <dev:type>
          <maml:name>Microsoft.Azure.Commands.ResourceManager.Common.Tags.PSTag | Microsoft.Azure.Commands.Tags.Model.PSTagResource</maml:name>
        </dev:type>
        <maml:description>
          <maml:para></maml:para>
        </maml:description>
      </command:returnValue>
    </command:returnValues>
    <maml:alertSet>
      <maml:alert>
        <maml:para></maml:para>
      </maml:alert>
    </maml:alertSet>
    <command:examples>
      <command:example>
        <maml:title>-------------- Example 1: Delete a predefined tag --------------</maml:title>
        <dev:code>Remove-AzTag -Name "Department"</dev:code>
        <dev:remarks>
          <maml:para>This command deletes the predefined tag named Department and all of its values. If the tag has been applied to any resources or resource groups, the command fails.</maml:para>
<maml:para></maml:para>
<maml:para></maml:para>
        </dev:remarks>
      </command:example>
      <command:example>
        <maml:title>------- Example 2: Delete a value from a predefined tag -------</maml:title>
        <dev:code>Remove-AzTag -Name "Department" -Value "HumanResources" -PassThru

Name:   Department
Count:  14
Values: 

        Name        Count
        =========   =====

        Finance        2
        IT            12</dev:code>
        <dev:remarks>
          <maml:para>This command deletes the HumanResources value from the predefined Department tag. It does not delete the tag. If the value has been applied to any resources or resource groups, the command fails.</maml:para>
<maml:para></maml:para>
<maml:para></maml:para>
        </dev:remarks>
      </command:example>
      <command:example>
        <maml:title>- Example 3: Deletes the entire set of tags on a subscription -</maml:title>
        <dev:code>Remove-AzTag -ResourceId /subscriptions/xxxxxxxx-xxxx-xxxx-xxxx-xxxxxxxxxxxx</dev:code>
        <dev:remarks>
          <maml:para>This command deletes the entire set of tags on the subscription with {subId}. It will not return the object deleted if not passing in "-PassThru".</maml:para>
<maml:para></maml:para>
<maml:para></maml:para>
        </dev:remarks>
      </command:example>
      <command:example>
        <maml:title>--- Example 4: Deletes the entire set of tags on a resource ---</maml:title>
        <dev:code>Remove-AzTag -ResourceId /subscriptions/xxxxxxxx-xxxx-xxxx-xxxx-xxxxxxxxxxxx/resourcegroups/testrg/providers/Microsoft.Sql/servers/Server1 -PassThru

Id         : {Id}
Name       : {Name}
Type       : {Type}
Properties :
             Name     Value
             =======  =========
             Dept     Finance
             Status   Normal</dev:code>
        <dev:remarks>
          <maml:para>This command deletes the entire set of tags on the resource with {resourceId}. It returns the deleted object when passing in "-PassThru".</maml:para>
<maml:para></maml:para>
<maml:para></maml:para>
        </dev:remarks>
      </command:example>
    </command:examples>
    <command:relatedLinks>
      <maml:navigationLink>
        <maml:linkText>Online Version:</maml:linkText>
        <maml:uri>https://learn.microsoft.com/powershell/module/az.resources/remove-aztag</maml:uri>
      </maml:navigationLink>
      <maml:navigationLink>
        <maml:linkText>Get-AzTag</maml:linkText>
        <maml:uri></maml:uri>
      </maml:navigationLink>
      <maml:navigationLink>
        <maml:linkText>New-AzTag</maml:linkText>
        <maml:uri></maml:uri>
      </maml:navigationLink>
      <maml:navigationLink>
        <maml:linkText>Update-AzTag</maml:linkText>
        <maml:uri></maml:uri>
      </maml:navigationLink>
    </command:relatedLinks>
  </command:command>
  <command:command xmlns:maml="http://schemas.microsoft.com/maml/2004/10" xmlns:command="http://schemas.microsoft.com/maml/dev/command/2004/10" xmlns:dev="http://schemas.microsoft.com/maml/dev/2004/10" xmlns:MSHelp="http://msdn.microsoft.com/mshelp">
    <command:details>
      <command:name>Update-AzTag</command:name>
      <command:verb>Update</command:verb>
      <command:noun>AzTag</command:noun>
      <maml:description>
        <maml:para>Selectively updates the set of tags on a resource or subscription.</maml:para>
      </maml:description>
    </command:details>
    <maml:description>
      <maml:para>The Update-AzTag cmdlet with a ResourceId selectively updates the set of tags on a resource or subscription. This operation allows replacing, merging or selectively deleting tags on the specified resource or subscription. The specified entity can have a maximum of 50 tags at the end of the operation. The 'replace' option replaces the entire set of existing tags with a new set. The 'merge' option allows adding tags with new names and updating the values of tags with existing names. The 'delete' option allows selectively deleting tags based on given names or name/value pairs.</maml:para>
    </maml:description>
    <command:syntax>
      <command:syntaxItem>
        <maml:name>Update-AzTag</maml:name>
        <command:parameter required="true" variableLength="true" globbing="false" pipelineInput="True (ByPropertyName)" position="0" aliases="none">
          <maml:name>ResourceId</maml:name>
          <maml:description>
            <maml:para>The resource identifier for the tagged entity. A resource, a resource group or a subscription may be tagged.</maml:para>
          </maml:description>
          <command:parameterValue required="true" variableLength="false">System.String</command:parameterValue>
          <dev:type>
            <maml:name>System.String</maml:name>
            <maml:uri />
          </dev:type>
          <dev:defaultValue>None</dev:defaultValue>
        </command:parameter>
        <command:parameter required="true" variableLength="true" globbing="false" pipelineInput="True (ByPropertyName)" position="1" aliases="none">
          <maml:name>Tag</maml:name>
          <maml:description>
            <maml:para>The set of tags to use for update.</maml:para>
          </maml:description>
          <command:parameterValue required="true" variableLength="false">System.Collections.Hashtable</command:parameterValue>
          <dev:type>
            <maml:name>System.Collections.Hashtable</maml:name>
            <maml:uri />
          </dev:type>
          <dev:defaultValue>None</dev:defaultValue>
        </command:parameter>
        <command:parameter required="true" variableLength="true" globbing="false" pipelineInput="True (ByPropertyName)" position="2" aliases="none">
          <maml:name>Operation</maml:name>
          <maml:description>
            <maml:para>The update operation. Options are Merge, Replace and Delete.</maml:para>
          </maml:description>
          <command:parameterValueGroup>
            <command:parameterValue required="false" command:variableLength="false">Merge</command:parameterValue>
            <command:parameterValue required="false" command:variableLength="false">Replace</command:parameterValue>
            <command:parameterValue required="false" command:variableLength="false">Delete</command:parameterValue>
          </command:parameterValueGroup>
          <command:parameterValue required="true" variableLength="false">Microsoft.Azure.Commands.Tags.Model.TagPatchOperation</command:parameterValue>
          <dev:type>
            <maml:name>Microsoft.Azure.Commands.Tags.Model.TagPatchOperation</maml:name>
            <maml:uri />
          </dev:type>
          <dev:defaultValue>None</dev:defaultValue>
        </command:parameter>
        <command:parameter required="false" variableLength="true" globbing="false" pipelineInput="False" position="named" aliases="AzContext, AzureRmContext, AzureCredential">
          <maml:name>DefaultProfile</maml:name>
          <maml:description>
            <maml:para>The credentials, account, tenant, and subscription used for communication with azure.</maml:para>
          </maml:description>
          <command:parameterValue required="true" variableLength="false">Microsoft.Azure.Commands.Common.Authentication.Abstractions.Core.IAzureContextContainer</command:parameterValue>
          <dev:type>
            <maml:name>Microsoft.Azure.Commands.Common.Authentication.Abstractions.Core.IAzureContextContainer</maml:name>
            <maml:uri />
          </dev:type>
          <dev:defaultValue>None</dev:defaultValue>
        </command:parameter>
        <command:parameter required="false" variableLength="true" globbing="false" pipelineInput="False" position="named" aliases="cf">
          <maml:name>Confirm</maml:name>
          <maml:description>
            <maml:para>Prompts you for confirmation before running the cmdlet.</maml:para>
          </maml:description>
          <dev:type>
            <maml:name>System.Management.Automation.SwitchParameter</maml:name>
            <maml:uri />
          </dev:type>
          <dev:defaultValue>False</dev:defaultValue>
        </command:parameter>
        <command:parameter required="false" variableLength="true" globbing="false" pipelineInput="False" position="named" aliases="wi">
          <maml:name>WhatIf</maml:name>
          <maml:description>
            <maml:para>Shows what would happen if the cmdlet runs. The cmdlet is not run.</maml:para>
          </maml:description>
          <dev:type>
            <maml:name>System.Management.Automation.SwitchParameter</maml:name>
            <maml:uri />
          </dev:type>
          <dev:defaultValue>False</dev:defaultValue>
        </command:parameter>
      </command:syntaxItem>
    </command:syntax>
    <command:parameters>
      <command:parameter required="false" variableLength="true" globbing="false" pipelineInput="False" position="named" aliases="AzContext, AzureRmContext, AzureCredential">
        <maml:name>DefaultProfile</maml:name>
        <maml:description>
          <maml:para>The credentials, account, tenant, and subscription used for communication with azure.</maml:para>
        </maml:description>
        <command:parameterValue required="true" variableLength="false">Microsoft.Azure.Commands.Common.Authentication.Abstractions.Core.IAzureContextContainer</command:parameterValue>
        <dev:type>
          <maml:name>Microsoft.Azure.Commands.Common.Authentication.Abstractions.Core.IAzureContextContainer</maml:name>
          <maml:uri />
        </dev:type>
        <dev:defaultValue>None</dev:defaultValue>
      </command:parameter>
      <command:parameter required="true" variableLength="true" globbing="false" pipelineInput="True (ByPropertyName)" position="2" aliases="none">
        <maml:name>Operation</maml:name>
        <maml:description>
          <maml:para>The update operation. Options are Merge, Replace and Delete.</maml:para>
        </maml:description>
        <command:parameterValue required="true" variableLength="false">Microsoft.Azure.Commands.Tags.Model.TagPatchOperation</command:parameterValue>
        <dev:type>
          <maml:name>Microsoft.Azure.Commands.Tags.Model.TagPatchOperation</maml:name>
          <maml:uri />
        </dev:type>
        <dev:defaultValue>None</dev:defaultValue>
      </command:parameter>
      <command:parameter required="true" variableLength="true" globbing="false" pipelineInput="True (ByPropertyName)" position="0" aliases="none">
        <maml:name>ResourceId</maml:name>
        <maml:description>
          <maml:para>The resource identifier for the tagged entity. A resource, a resource group or a subscription may be tagged.</maml:para>
        </maml:description>
        <command:parameterValue required="true" variableLength="false">System.String</command:parameterValue>
        <dev:type>
          <maml:name>System.String</maml:name>
          <maml:uri />
        </dev:type>
        <dev:defaultValue>None</dev:defaultValue>
      </command:parameter>
      <command:parameter required="true" variableLength="true" globbing="false" pipelineInput="True (ByPropertyName)" position="1" aliases="none">
        <maml:name>Tag</maml:name>
        <maml:description>
          <maml:para>The set of tags to use for update.</maml:para>
        </maml:description>
        <command:parameterValue required="true" variableLength="false">System.Collections.Hashtable</command:parameterValue>
        <dev:type>
          <maml:name>System.Collections.Hashtable</maml:name>
          <maml:uri />
        </dev:type>
        <dev:defaultValue>None</dev:defaultValue>
      </command:parameter>
      <command:parameter required="false" variableLength="true" globbing="false" pipelineInput="False" position="named" aliases="cf">
        <maml:name>Confirm</maml:name>
        <maml:description>
          <maml:para>Prompts you for confirmation before running the cmdlet.</maml:para>
        </maml:description>
        <command:parameterValue required="true" variableLength="false">System.Management.Automation.SwitchParameter</command:parameterValue>
        <dev:type>
          <maml:name>System.Management.Automation.SwitchParameter</maml:name>
          <maml:uri />
        </dev:type>
        <dev:defaultValue>False</dev:defaultValue>
      </command:parameter>
      <command:parameter required="false" variableLength="true" globbing="false" pipelineInput="False" position="named" aliases="wi">
        <maml:name>WhatIf</maml:name>
        <maml:description>
          <maml:para>Shows what would happen if the cmdlet runs. The cmdlet is not run.</maml:para>
        </maml:description>
        <command:parameterValue required="true" variableLength="false">System.Management.Automation.SwitchParameter</command:parameterValue>
        <dev:type>
          <maml:name>System.Management.Automation.SwitchParameter</maml:name>
          <maml:uri />
        </dev:type>
        <dev:defaultValue>False</dev:defaultValue>
      </command:parameter>
    </command:parameters>
    <command:inputTypes>
      <command:inputType>
        <dev:type>
          <maml:name>System.String</maml:name>
        </dev:type>
        <maml:description>
          <maml:para></maml:para>
        </maml:description>
      </command:inputType>
      <command:inputType>
        <dev:type>
          <maml:name>Microsoft.Azure.Commands.Tags.Model.TagPatchOperation</maml:name>
        </dev:type>
        <maml:description>
          <maml:para></maml:para>
        </maml:description>
      </command:inputType>
      <command:inputType>
        <dev:type>
          <maml:name>System.Collections.Hashtable</maml:name>
        </dev:type>
        <maml:description>
          <maml:para></maml:para>
        </maml:description>
      </command:inputType>
    </command:inputTypes>
    <command:returnValues>
      <command:returnValue>
        <dev:type>
          <maml:name>Microsoft.Azure.Commands.Tags.Model.PSTagResource</maml:name>
        </dev:type>
        <maml:description>
          <maml:para></maml:para>
        </maml:description>
      </command:returnValue>
    </command:returnValues>
    <maml:alertSet>
      <maml:alert>
        <maml:para></maml:para>
      </maml:alert>
    </maml:alertSet>
    <command:examples>
      <command:example>
        <maml:title>Example 1: Selectively updates the set of tags on a subscription with "Merge" Operation</maml:title>
        <dev:code>$mergedTags = @{"key1"="value1"; "key3"="value3";}
Update-AzTag -ResourceId /subscriptions/xxxxxxxx-xxxx-xxxx-xxxx-xxxxxxxxxxxx -Tag $mergedTags -Operation Merge

Id         : {Id}
Name       : {Name}
Type       : {Type}
Properties :
             Name     Value
             =======  =========
             key1     value1
             key2     value2
             key3     value3</dev:code>
        <dev:remarks>
          <maml:para>This command Merges the set of tags on the subscription with "xxxxxxxx-xxxx-xxxx-xxxx-xxxxxxxxxxxx".</maml:para>
<maml:para></maml:para>
<maml:para></maml:para>
        </dev:remarks>
      </command:example>
      <command:example>
        <maml:title>Example 2: Selectively updates the set of tags on a subscription with "Replace" Operation</maml:title>
        <dev:code>$replacedTags = @{"key1"="value1"; "key3"="value3";}
Update-AzTag -ResourceId /subscriptions/xxxxxxxx-xxxx-xxxx-xxxx-xxxxxxxxxxxx -Tag $replacedTags -Operation Replace

Id         : {Id}
Name       : {Name}
Type       : {Type}
Properties :
             Name     Value
             =======  =========
             key1     value1
             key3     value3</dev:code>
        <dev:remarks>
          <maml:para>This command Replaces the set of tags on the subscription with "xxxxxxxx-xxxx-xxxx-xxxx-xxxxxxxxxxxx".</maml:para>
<maml:para></maml:para>
<maml:para></maml:para>
        </dev:remarks>
      </command:example>
      <command:example>
        <maml:title>Example 3: Selectively updates the set of tags on a subscription with "Delete" Operation</maml:title>
        <dev:code>$deletedTags = @{"key1"="value1"}
Update-AzTag -ResourceId /subscriptions/xxxxxxxx-xxxx-xxxx-xxxx-xxxxxxxxxxxx -Tag $deletedTags -Operation Delete

Id         : {Id}
Name       : {Name}
Type       : {Type}
Properties :
             Name     Value
             =======  =========
             key3     value3</dev:code>
        <dev:remarks>
          <maml:para>This command Deletes the set of tags on the subscription with "xxxxxxxx-xxxx-xxxx-xxxx-xxxxxxxxxxxx".</maml:para>
<maml:para></maml:para>
<maml:para></maml:para>
        </dev:remarks>
      </command:example>
    </command:examples>
    <command:relatedLinks>
      <maml:navigationLink>
        <maml:linkText>Online Version:</maml:linkText>
        <maml:uri>https://learn.microsoft.com/powershell/module/az.resources/update-aztag</maml:uri>
      </maml:navigationLink>
      <maml:navigationLink>
        <maml:linkText>Get-AzTag</maml:linkText>
        <maml:uri></maml:uri>
      </maml:navigationLink>
      <maml:navigationLink>
        <maml:linkText>New-AzTag</maml:linkText>
        <maml:uri></maml:uri>
      </maml:navigationLink>
      <maml:navigationLink>
        <maml:linkText>Remove-AzTag</maml:linkText>
        <maml:uri></maml:uri>
      </maml:navigationLink>
    </command:relatedLinks>
  </command:command>
</helpItems>